episode,reward,average_reward,average_loss,epsilon,buffer_size,evaluation_reward
1,13.0,13.0,0.0,0.995,13,
2,23.0,18.0,0.0,0.990025,36,
3,16.0,17.333333333333332,0.0,0.985074875,52,
4,12.0,16.0,0.0,0.9801495006250001,64,
5,11.0,15.0,0.0,0.9752487531218751,75,
6,8.0,13.833333333333334,0.0,0.9703725093562657,83,
7,22.0,15.0,0.0,0.9655206468094844,105,
8,19.0,15.5,0.0,0.960693043575437,124,
9,23.0,16.333333333333332,0.0,0.9558895783575597,147,
10,34.0,18.1,0.0,0.9511101304657719,181,
11,13.0,17.636363636363637,0.0,0.946354579813443,194,
12,24.0,18.166666666666668,0.0,0.9416228069143757,218,
13,18.0,18.153846153846153,0.0,0.9369146928798039,236,
14,11.0,17.642857142857142,0.0,0.9322301194154049,247,
15,19.0,17.733333333333334,0.0,0.9275689688183278,266,
16,11.0,17.3125,0.0,0.9229311239742362,277,
17,13.0,17.058823529411764,0.0,0.918316468354365,290,
18,22.0,17.333333333333332,0.0,0.9137248860125932,312,
19,38.0,18.42105263157895,0.0,0.9091562615825302,350,
20,20.0,18.5,0.0,0.9046104802746175,370,
21,23.0,18.714285714285715,0.0,0.9000874278732445,393,
22,35.0,19.454545454545453,0.0,0.8955869907338783,428,
23,21.0,19.52173913043478,0.0,0.8911090557802088,449,
24,16.0,19.375,0.0,0.8866535105013078,465,
25,20.0,19.4,0.0,0.8822202429488013,485,10.0
26,18.0,19.346153846153847,0.0,0.8778091417340573,503,
27,34.0,19.88888888888889,0.0,0.8734200960253871,537,
28,14.0,19.678571428571427,0.0,0.8690529955452602,551,
29,19.0,19.655172413793103,0.0,0.8647077305675338,570,
30,15.0,19.5,0.0,0.8603841919146962,585,
31,15.0,19.35483870967742,0.0,0.8560822709551227,600,
32,29.0,19.65625,0.0,0.851801859600347,629,
33,17.0,19.575757575757574,0.0,0.8475428503023453,646,
34,40.0,20.176470588235293,0.0,0.8433051360508336,686,
35,11.0,19.914285714285715,0.0,0.8390886103705794,697,
36,11.0,19.666666666666668,0.0,0.8348931673187264,708,
37,29.0,19.91891891891892,0.0,0.8307187014821328,737,
38,26.0,20.07894736842105,0.0,0.8265651079747222,763,
39,16.0,19.974358974358974,0.0,0.8224322824348486,779,
40,21.0,20.0,0.0,0.8183201210226743,800,
41,45.0,20.609756097560975,0.0,0.8142285204175609,845,
42,19.0,20.571428571428573,0.0,0.810157377815473,864,
43,23.0,20.627906976744185,0.0,0.8061065909263957,887,
44,20.0,20.613636363636363,0.0,0.8020760579717637,907,
45,15.0,20.488888888888887,0.0,0.798065677681905,922,
46,14.0,20.347826086956523,0.0,0.7940753492934954,936,
47,77.0,21.5531914893617,0.6386840865015984,0.7901049725470279,1013,
48,22.0,21.5625,0.0924843977290121,0.7861544476842928,1035,
49,11.0,21.346938775510203,0.7080270783467726,0.7822236754458713,1046,
50,9.0,21.1,0.2276684283796284,0.778312557068642,1055,9.1
51,18.0,21.03921568627451,0.10445698164403439,0.7744209942832988,1073,
52,11.0,20.846153846153847,0.6647279519926418,0.7705488893118823,1084,
53,16.0,20.754716981132077,0.3141733491793275,0.7666961448653229,1100,
54,11.0,20.574074074074073,0.26941217617555097,0.7628626641409962,1111,
55,12.0,20.418181818181818,0.6404371783137321,0.7590483508202912,1123,
56,36.0,20.696428571428573,0.3470620647486713,0.7552531090661897,1159,
57,14.0,20.57894736842105,0.29871973608221325,0.7514768435208588,1173,
58,25.0,20.655172413793103,0.6986713635921479,0.7477194593032545,1198,
59,25.0,20.728813559322035,0.5068020755052567,0.7439808620067382,1223,
60,13.0,20.6,0.5121083649305197,0.7402609576967045,1236,
61,16.0,20.524590163934427,0.639261068077758,0.736559652908221,1252,
62,19.0,20.5,0.6178501154247084,0.7328768546436799,1271,
63,26.0,20.58730158730159,0.5600491991409888,0.7292124703704616,1297,
64,22.0,20.609375,0.7298655303364451,0.7255664080186093,1319,
65,12.0,20.476923076923075,0.7349027444918951,0.7219385759785162,1331,
66,36.0,20.71212121212121,0.6189744965069823,0.7183288830986236,1367,
67,48.0,21.119402985074625,0.8538464408678313,0.7147372386831305,1415,
68,35.0,21.323529411764707,0.6447354474237987,0.7111635524897149,1450,
69,42.0,21.6231884057971,0.6145847934697356,0.7076077347272662,1492,
70,61.0,22.185714285714287,0.8517521164212071,0.7040696960536299,1553,
71,17.0,22.112676056338028,0.7273375497144812,0.7005493475733617,1570,
72,43.0,22.40277777777778,0.5998607929362807,0.697046600835495,1613,
73,53.0,22.82191780821918,0.7507607141193354,0.6935613678313175,1666,
74,46.0,23.135135135135137,0.6319642089631247,0.6900935609921609,1712,
75,40.0,23.36,0.6538559682667255,0.6866430931872001,1752,500.0
76,42.0,23.605263157894736,0.7022109375823111,0.6832098777212641,1794,
77,71.0,24.22077922077922,0.5151060335862805,0.6797938283326578,1865,
78,37.0,24.384615384615383,0.5287863239645958,0.6763948591909945,1902,
79,87.0,25.17721518987342,0.7770723906056635,0.6730128848950395,1989,
80,95.0,26.05,0.5218310912973002,0.6696478204705644,2084,
81,32.0,26.123456790123456,0.5123582778032869,0.6662995813682115,2116,
82,20.0,26.048780487804876,0.9980767257511616,0.6629680834613705,2136,
83,48.0,26.313253012048193,0.5490588724302748,0.6596532430440636,2184,
84,119.0,27.416666666666668,0.5730409369248302,0.6563549768288433,2303,
85,20.0,27.32941176470588,1.2839940622448922,0.653073201944699,2323,
86,74.0,27.872093023255815,0.5879313609487301,0.6498078359349755,2397,
87,67.0,28.32183908045977,0.6660822860118168,0.6465587967553006,2464,
88,21.0,28.238636363636363,1.2198259972390675,0.6433260027715241,2485,
89,77.0,28.786516853932586,0.682113790763663,0.6401093727576664,2562,
90,94.0,29.511111111111113,0.7433973478668547,0.6369088258938781,2656,
91,28.0,29.494505494505493,0.922314244721617,0.6337242817644086,2684,
92,76.0,30.0,0.7551371998300678,0.6305556603555866,2760,
93,57.0,30.29032258064516,0.6739278762486943,0.6274028820538087,2817,
94,32.0,30.30851063829787,1.0248044384643435,0.6242658676435396,2849,
95,105.0,31.094736842105263,0.8317907014063426,0.6211445383053219,2954,
96,12.0,30.895833333333332,1.2641636778910954,0.6180388156137953,2966,
97,19.0,30.77319587628866,1.1812224388122559,0.6149486215357263,2985,
98,9.0,30.551020408163264,1.2524717019663916,0.6118738784280476,2994,
99,125.0,31.505050505050505,0.8251131335496903,0.6088145090359074,3119,
100,72.0,31.91,1.0639999717887905,0.6057704364907278,3191,178.8
101,68.0,32.46,1.0113251143518616,0.6027415843082742,3259,
102,69.0,32.92,0.6311717098173888,0.5997278763867329,3328,
103,123.0,33.99,1.1883392068671017,0.5967292370047992,3451,
104,153.0,35.4,0.8933040998340432,0.5937455908197752,3604,
105,35.0,35.64,0.9865844581808363,0.5907768628656763,3639,
106,100.0,36.56,1.005622050613165,0.5878229785513479,3739,
107,64.0,36.98,0.9346619886346161,0.5848838636585911,3803,
108,34.0,37.13,1.0309551590505768,0.5819594443402982,3837,
109,137.0,38.27,0.9941850894123968,0.5790496471185967,3974,
110,143.0,39.36,0.8521323175905468,0.5761543988830038,4117,
111,25.0,39.48,1.178813424706459,0.5732736268885887,4142,
112,103.0,40.27,1.007577154966234,0.5704072587541458,4245,
113,105.0,41.14,0.9610949018171855,0.567555222460375,4350,
114,109.0,42.12,0.8739509037738546,0.5647174463480732,4459,
115,101.0,42.94,1.261411852470719,0.5618938591163328,4560,
116,82.0,43.65,0.9465005626765693,0.5590843898207511,4642,
117,40.0,43.92,0.9532540235668421,0.5562889678716474,4682,
118,34.0,44.04,1.2986367888310377,0.5535075230322891,4716,
119,85.0,44.51,0.9822508675210616,0.5507399854171277,4801,
120,25.0,44.56,1.3530640989542007,0.547986285490042,4826,
121,19.0,44.52,1.6503371784561558,0.5452463540625918,4845,
122,24.0,44.41,1.1291030645370483,0.5425201222922789,4869,
123,77.0,44.97,1.3643691539764404,0.5398075216808175,4946,
124,85.0,45.66,1.3696635367239223,0.5371084840724134,5031,
125,156.0,47.02,1.021762133599856,0.5344229416520513,5187,205.0
126,34.0,47.18,1.0715185079504461,0.531750826943791,5221,
127,148.0,48.32,0.9608534959119719,0.5290920728090721,5369,
128,123.0,49.41,1.21896011788186,0.5264466124450268,5492,
129,105.0,50.27,1.5887391948983782,0.5238143793828016,5597,
130,12.0,50.24,2.625517879923185,0.5211953074858876,5609,
131,206.0,52.15,1.765804776216595,0.5185893309484582,5815,
132,81.0,52.67,1.4202430958365218,0.5159963842937159,5896,
133,31.0,52.81,1.6050701843154045,0.5134164023722473,5927,
134,153.0,53.94,1.7711729059616725,0.510849320360386,6080,
135,54.0,54.37,1.8066377921236887,0.5082950737585841,6134,
136,13.0,54.39,2.1183865597614875,0.5057535983897912,6147,
137,108.0,55.18,2.1589488605106317,0.5032248303978422,6255,
138,92.0,55.84,2.2327561666784077,0.500708706245853,6347,
139,14.0,55.82,2.1150160836321965,0.4982051627146237,6361,
140,10.0,55.71,0.5570905908942223,0.49571413690105054,6371,
141,124.0,56.5,1.5956000277111608,0.4932355662165453,6495,
142,124.0,57.55,1.3843522465998126,0.4907693883854626,6619,
143,142.0,58.74,1.96685394749675,0.4883155414435353,6761,
144,77.0,59.31,2.715726325651268,0.4858739637363176,6838,
145,85.0,60.01,1.8012544305885538,0.483444593917636,6923,
146,23.0,60.1,2.197623022224592,0.4810273709480478,6946,
147,113.0,60.46,1.9224269855602654,0.47862223409330756,7059,
148,42.0,60.66,2.109244937698046,0.47622912292284103,7101,
149,37.0,60.92,1.958247932227882,0.4738479773082268,7138,
150,36.0,61.19,3.0584013726976185,0.47147873742168567,7174,216.7
151,24.0,61.25,0.8204485426346461,0.46912134373457726,7198,
152,12.0,61.26,2.057128630578518,0.46677573701590436,7210,
153,36.0,61.46,2.7320238538086414,0.46444185833082485,7246,
154,13.0,61.48,1.9141903382081251,0.46211964903917074,7259,
155,117.0,62.53,2.1218623482009287,0.4598090507939749,7376,
156,20.0,62.37,1.6611619025468827,0.457510005540005,7396,
157,16.0,62.39,1.3225352484732866,0.45522245551230495,7412,
158,163.0,63.77,2.434305763683436,0.4529463432347434,7575,
159,145.0,64.97,2.725601453411168,0.4506816115185697,7720,
160,11.0,64.95,2.1663227406415073,0.4484282034609769,7731,
161,13.0,64.92,3.540181898153745,0.446186062443672,7744,
162,76.0,65.49,1.8269534861963046,0.4439551321314536,7820,
163,44.0,65.67,2.70749268443747,0.4417353564707963,7864,
164,28.0,65.73,4.8835303027715,0.43952667968844233,7892,
165,75.0,66.36,3.0222123209635416,0.43732904629000013,7967,
166,19.0,66.19,2.457883349374721,0.4351424010585501,7986,
167,13.0,65.84,3.3447176607755513,0.43296668905325736,7999,
168,23.0,65.72,3.2286506852378016,0.43080185560799106,8022,
169,26.0,65.56,3.0717337406598606,0.4286478463299511,8048,
170,178.0,66.73,2.6697291479016956,0.42650460709830135,8226,
171,12.0,66.68,2.1214426731069884,0.42437208406280985,8238,
172,35.0,66.6,2.8886974368776595,0.4222502236424958,8273,
173,80.0,66.87,3.428024895489216,0.42013897252428334,8353,
174,23.0,66.64,3.8843834426092063,0.4180382776616619,8376,
175,22.0,66.46,3.178965710780837,0.4159480862733536,8398,129.2
176,15.0,66.19,3.3532109638055165,0.41386834584198684,8413,
177,113.0,66.61,2.732416561483282,0.4117990041127769,8526,
178,164.0,67.88,2.989198866323,0.40974000909221303,8690,
179,137.0,68.38,3.001781090006341,0.40769130904675194,8827,
180,40.0,67.83,1.5078656315803527,0.40565285250151817,8867,
181,14.0,67.65,1.9962774855749947,0.4036245882390106,8881,
182,64.0,68.09,3.0035510645247996,0.4016064652978155,8945,
183,26.0,67.87,3.409779137143722,0.3995984329713264,8971,
184,10.0,66.78,3.747240477800369,0.3976004408064698,8981,
185,172.0,68.3,3.138422310872133,0.39561243860243744,9153,
186,23.0,67.79,3.3216124371342035,0.3936343764094253,9176,
187,73.0,67.85,3.765658632941442,0.39166620452737816,9249,
188,149.0,69.13,3.4961260696185517,0.3897078735047413,9398,
189,228.0,70.64,3.7870969202434805,0.3877593341372176,9626,
190,40.0,70.1,3.327929423749447,0.3858205374665315,9666,
191,27.0,70.09,1.9498929624204282,0.38389143477919885,9693,
192,141.0,70.74,2.7111822580192104,0.3819719776053028,9834,
193,19.0,70.36,4.419374425160258,0.3800621177172763,9853,
194,189.0,71.93,2.9396772722876263,0.37816180712868996,10042,
195,175.0,72.63,3.171665165594646,0.37627099809304654,10217,
196,123.0,73.74,3.179627337591435,0.3743896431025813,10340,
197,188.0,75.43,3.1238989717465766,0.37251769488706843,10528,
198,171.0,77.05,3.007964190683867,0.3706551064126331,10699,
199,58.0,76.38,2.4328888870518783,0.36880183088056995,10757,
200,30.0,75.96,2.8962645212809246,0.3669578217261671,10787,171.4
201,61.0,75.89,2.2947884507355143,0.36512303261753626,10848,
202,175.0,76.95,2.7391009407384055,0.3632974174544486,11023,
203,49.0,76.21,3.310631357893652,0.3614809303671764,11072,
204,81.0,75.49,2.664586724690449,0.3596735257153405,11153,
205,175.0,76.89,2.925160199403763,0.3578751580867638,11328,
206,32.0,76.21,2.720133190974593,0.35608578229633,11360,
207,112.0,76.69,3.1441742358729243,0.3543053533848483,11472,
208,17.0,76.52,2.918772371376262,0.35253382661792404,11489,
209,49.0,75.64,3.4662524352268296,0.3507711574848344,11538,
210,149.0,75.7,2.1163959828199155,0.34901730169741024,11687,
211,94.0,76.39,3.0351158196621753,0.3472722151889232,11781,
212,27.0,75.63,2.7104212641716003,0.3455358541129786,11808,
213,17.0,74.75,4.328553329495823,0.3438081748424137,11825,
214,128.0,74.94,2.171583204995841,0.3420891339682016,11953,
215,30.0,74.23,1.8470361749331157,0.3403786882983606,11983,
216,138.0,74.79,2.9320999032993247,0.3386767948568688,12121,
217,52.0,74.91,3.358319322650249,0.33698341088258443,12173,
218,18.0,74.75,2.779857011304961,0.3352984938281715,12191,
219,190.0,75.8,2.9161225362827903,0.33362200135903064,12381,
220,144.0,76.99,3.496858120792442,0.33195389135223546,12525,
221,108.0,77.88,3.411365848724489,0.3302941218954743,12633,
222,14.0,77.78,1.1801496871880122,0.32864265128599696,12647,
223,18.0,77.19,1.613103159599834,0.326999438029567,12665,
224,114.0,77.48,3.8332347987513793,0.3253644408394192,12779,
225,145.0,77.37,4.074145829266516,0.3237376186352221,12924,190.2
226,123.0,78.26,2.9399468169464327,0.322118930542046,13047,
227,13.0,76.91,2.6920039653778076,0.32050833588933575,13060,
228,11.0,75.79,3.8265284950082954,0.31890579420988907,13071,
229,15.0,74.89,3.010816049575806,0.3173112652388396,13086,
230,16.0,74.93,3.6885895878076553,0.3157247089126454,13102,
231,104.0,73.91,5.353236039670614,0.3141460853680822,13206,
232,113.0,74.23,2.514159390092951,0.3125753549412418,13319,
233,98.0,74.9,2.898460683926028,0.31101247816653554,13417,
234,44.0,73.81,3.592236180197109,0.30945741577570285,13461,
235,100.0,74.27,3.2703915774822234,0.3079101286968243,13561,
236,98.0,75.12,3.441057033076578,0.3063705780533402,13659,
237,94.0,74.98,2.7492113997961614,0.30483872516307353,13753,
238,111.0,75.17,3.2966145282393104,0.3033145315372582,13864,
239,102.0,76.05,3.8894901956413306,0.3017979588795719,13966,
240,24.0,76.19,2.70068226630489,0.30028896908517405,13990,
241,91.0,75.86,3.554016697537768,0.2987875242397482,14081,
242,94.0,75.56,4.182139492732413,0.29729358661854943,14175,
243,99.0,75.13,3.5734654944954496,0.29580711868545667,14274,
244,47.0,74.83,4.685487479605573,0.2943280830920294,14321,
245,166.0,75.64,3.7432316543467072,0.29285644267656924,14487,
246,78.0,76.19,3.068963086948945,0.2913921604631864,14565,
247,132.0,76.38,3.744390384265871,0.28993519966087045,14697,
248,174.0,77.7,3.825175621985704,0.2884855236625661,14871,
249,179.0,79.12,4.197985114997992,0.28704309604425327,15050,
250,12.0,78.88,3.3765624662240348,0.285607880564032,15062,209.7
251,94.0,79.58,4.592324159880902,0.28417984116121187,15156,
252,18.0,79.64,4.716115829017427,0.2827589419554058,15174,
253,35.0,79.63,3.596345477444785,0.28134514724562876,15209,
254,13.0,79.63,4.967874985474807,0.2799384215094006,15222,
255,106.0,79.52,4.335984043074104,0.27853872940185365,15328,
256,35.0,79.67,6.397000665324075,0.27714603575484437,15363,
257,141.0,80.92,3.2389249063975423,0.2757603055760701,15504,
258,60.0,79.89,2.5502157357831794,0.2743815040481898,15564,
259,42.0,78.86,3.870141462201164,0.2730095965279488,15606,
260,13.0,78.88,5.679190158843994,0.27164454854530906,15619,
261,68.0,79.43,3.288942546090659,0.2702863258025825,15687,
262,15.0,78.82,7.768090609709422,0.2689348941735696,15702,
263,113.0,79.51,3.795844464175469,0.26759021970270175,15815,
264,32.0,79.55,4.2094510132446885,0.2662522686041882,15847,
265,101.0,79.81,4.974891850263766,0.2649210072611673,15948,
266,73.0,80.35,6.158726497055733,0.26359640222486147,16021,
267,12.0,80.34,3.111088360349337,0.26227842021373715,16033,
268,98.0,81.09,4.267857125219034,0.2609670281126685,16131,
269,11.0,80.94,2.557760319926522,0.25966219297210513,16142,
270,103.0,80.19,3.9664664855859812,0.2583638820072446,16245,
271,20.0,80.27,3.042302978038788,0.2570720625972084,16265,
272,110.0,81.02,3.7202984938567334,0.25578670228422234,16375,
273,114.0,81.36,3.5534624241684614,0.25450776877280124,16489,
274,18.0,81.31,4.808183865414725,0.2532352299289372,16507,
275,139.0,82.48,3.9303841946793976,0.2519690537792925,16646,107.5
276,174.0,84.07,3.7033632127032883,0.2507092085103961,16820,
277,98.0,83.92,3.423519939184189,0.2494556624678441,16918,
278,13.0,82.41,3.599315349872296,0.24820838415550486,16931,
279,84.0,81.88,3.0669268618027368,0.24696734223472733,17015,
280,11.0,81.59,7.368235566399314,0.2457325055235537,17026,
281,27.0,81.72,4.2506730666867005,0.24450384299593592,17053,
282,61.0,81.69,5.238320005721733,0.24328132378095624,17114,
283,477.0,86.2,3.7682606129276426,0.24206491716205145,17591,
284,346.0,89.56,3.4879289368501287,0.2408545925762412,17937,
285,247.0,90.31,3.8562971768591567,0.23965031961336,18184,
286,193.0,92.01,3.662973999977112,0.2384520680152932,18377,
287,107.0,92.35,2.9220723236832664,0.23725980767521673,18484,
288,296.0,93.82,3.4467185133615055,0.23607350863684065,18780,
289,43.0,91.97,4.469130428724511,0.23489314109365644,18823,
290,41.0,91.98,5.100967465377435,0.23371867538818816,18864,
291,186.0,93.57,2.9463557036974097,0.23255008201124722,19050,
292,108.0,93.24,3.2154796007606716,0.231387331601191,19158,
293,130.0,94.35,4.448194428132131,0.23023039494318503,19288,
294,116.0,93.62,4.109441447617678,0.2290792429684691,19404,
295,167.0,93.54,3.6408162854031887,0.22793384675362674,19571,
296,107.0,93.38,3.948696460957839,0.22679417751985861,19678,
297,114.0,92.64,2.8807214001814523,0.22566020663225933,19792,
298,25.0,91.18,2.5312758588790896,0.22453190559909803,19817,
299,12.0,90.72,2.78243180612723,0.22340924607110255,19829,
300,114.0,91.56,3.1417727933118216,0.22229219984074702,19943,119.9
301,54.0,91.49,2.8275535653034845,0.2211807388415433,19997,
302,27.0,90.01,7.397913290394677,0.22007483514733558,20024,
303,29.0,89.81,5.1545108114850935,0.2189744609715989,20053,
304,99.0,89.99,2.7003270812106854,0.2178795886667409,20152,
305,106.0,89.3,4.159276696870911,0.2167901907234072,20258,
306,102.0,90.0,4.095056627603138,0.21570623976979014,20360,
307,10.0,88.98,3.763792109489441,0.21462770857094118,20370,
308,128.0,90.09,3.4457905755843967,0.21355457002808648,20498,
309,15.0,89.75,3.4496034065882366,0.21248679717794605,20513,
310,12.0,88.38,4.2375491335988045,0.21142436319205632,20525,
311,115.0,88.59,3.445670260553775,0.21036724137609603,20640,
312,9.0,88.41,1.3213103082444932,0.20931540516921554,20649,
313,18.0,88.42,7.219454455706808,0.20826882814336947,20667,
314,104.0,88.18,5.682148124162968,0.20722748400265262,20771,
315,102.0,88.9,6.504605368071911,0.20619134658263935,20873,
316,104.0,88.56,4.677587373612019,0.20516038984972615,20977,
317,16.0,88.2,2.603871777653694,0.2041345879004775,20993,
318,101.0,89.03,3.7179171018081134,0.2031139149609751,21094,
319,14.0,87.27,5.104821562767029,0.20209834538617025,21108,
320,100.0,86.83,2.530079453587532,0.2010878536592394,21208,
321,11.0,85.86,1.6202762722969055,0.2000824143909432,21219,
322,17.0,85.89,4.578922979971942,0.19908200231898848,21236,
323,120.0,86.91,4.170300756891568,0.19808659230739353,21356,
324,38.0,86.15,6.0705131449197465,0.19709615934585656,21394,
325,102.0,85.72,4.5588205643728665,0.19611067854912728,21496,99.3
326,14.0,84.63,3.392423580799784,0.19513012515638165,21510,
327,93.0,85.43,4.184498872808231,0.19415447453059972,21603,
328,11.0,85.43,2.8876409747383813,0.19318370215794672,21614,
329,108.0,86.36,4.035554364047669,0.192217783647157,21722,
330,105.0,87.25,3.2608554496651605,0.1912566947289212,21827,
331,100.0,87.21,4.750304415673018,0.1903004112552766,21927,
332,102.0,87.1,4.908416729931738,0.18934890919900021,22029,
333,27.0,86.39,3.1074312925338745,0.18840216465300522,22056,
334,99.0,86.94,5.1440208698764,0.18746015382974018,22155,
335,102.0,86.96,4.411468218354618,0.1865228530605915,22257,
336,26.0,86.24,5.445444831481347,0.18559023879528855,22283,
337,101.0,86.31,6.573982222540544,0.1846622876013121,22384,
338,89.0,86.09,4.701729293619649,0.18373897616330553,22473,
339,90.0,85.97,5.066508546471596,0.182820281282489,22563,
340,24.0,85.97,3.563573860873779,0.18190617987607657,22587,
341,105.0,86.11,5.4806952777363005,0.18099664897669618,22692,
342,68.0,85.85,3.8405817563042923,0.1800916657318127,22760,
343,116.0,86.02,2.6967652622481872,0.17919120740315364,22876,
344,122.0,86.77,5.694965833767515,0.17829525136613786,22998,
345,117.0,86.28,3.046169882401442,0.17740377510930716,23115,
346,41.0,85.91,4.073750207336937,0.17651675623376062,23156,
347,111.0,85.7,4.127300322861285,0.1756341724525918,23267,
348,16.0,84.12,9.600752376019955,0.17475600159032884,23283,
349,211.0,84.44,4.79129295185279,0.17388222158237718,23494,
350,15.0,84.47,2.865531208117803,0.1730128104744653,23509,257.6
351,234.0,85.87,3.8446077757920976,0.17214774642209296,23743,
352,500.0,90.69,3.7664876621365546,0.1712870076899825,24243,
353,344.0,93.78,4.247692223984835,0.17043057265153258,24587,
354,500.0,98.65,4.26103062492609,0.16957841978827493,25087,
355,14.0,97.73,18.699444134320533,0.16873052768933355,25101,
356,196.0,99.34,5.299669788200028,0.1678868750508869,25297,
357,180.0,99.73,4.874458921286795,0.16704744067563246,25477,
358,306.0,102.19,4.211257263531093,0.1662122034722543,25783,
359,370.0,105.47,3.790929035882692,0.16538114245489302,26153,
360,330.0,108.64,3.8309797042247022,0.16455423674261854,26483,
361,500.0,112.96,4.278449173986912,0.16373146555890544,26983,
362,129.0,114.1,4.995001859905184,0.16291280823111093,27112,
363,277.0,115.74,5.4405040751725755,0.16209824418995536,27389,
364,205.0,117.47,4.546699187086849,0.16128775296900558,27594,
365,24.0,116.7,6.264604081710179,0.16048131420416054,27618,
366,193.0,117.9,5.239841015690967,0.15967890763313974,27811,
367,165.0,119.43,4.921627308744373,0.15888051309497406,27976,
368,208.0,120.53,4.155148848174856,0.1580861105294992,28184,
369,350.0,123.92,3.0482230477673666,0.1572956799768517,28534,
370,15.0,123.04,2.384186553955078,0.15650920157696743,28549,
371,14.0,122.98,1.4564271058355058,0.1557266555690826,28563,
372,226.0,124.14,3.887096296369502,0.1549480222912372,28789,
373,130.0,124.3,4.9716776334322414,0.15417328217978102,28919,
374,308.0,127.2,4.572769307567702,0.1534024157688821,29227,
375,152.0,127.33,4.484824739200504,0.1526354036900377,29379,132.4
376,209.0,127.68,4.369760106767764,0.1518722266715875,29588,
377,212.0,128.82,4.153798773744196,0.15111286553822956,29800,
378,19.0,128.88,1.6830200396086041,0.15035730121053842,29819,
379,248.0,130.52,3.811053171994225,0.14960551470448571,30067,
380,12.0,130.53,1.90017835299174,0.14885748713096328,30079,
381,137.0,131.63,4.440501599633781,0.14811319969530845,30216,
382,233.0,133.35,4.271777178340716,0.1473726336968319,30449,
383,240.0,130.98,5.131434726466735,0.14663577052834775,30689,
384,36.0,127.88,6.516489053765933,0.14590259167570602,30725,
385,400.0,129.41,4.250925288721919,0.1451730787173275,31125,
386,316.0,130.64,4.892422316949578,0.14444721332374086,31441,
387,182.0,131.39,4.015609738263455,0.14372497725712216,31623,
388,18.0,128.61,1.7729303571912978,0.14300635237083656,31641,
389,251.0,130.69,2.5126815163994216,0.14229132060898236,31892,
390,360.0,133.88,4.652724490149153,0.14157986400593744,32252,
391,279.0,134.81,3.5318925413820477,0.14087196468590776,32531,
392,315.0,136.88,4.890551573274627,0.14016760486247823,32846,
393,16.0,135.74,10.686514623463154,0.13946676683816583,32862,
394,294.0,137.52,3.3682009998430202,0.138769433003975,33156,
395,254.0,138.39,4.816377843576153,0.13807558583895513,33410,
396,405.0,141.37,3.5451718629878246,0.13738520790976036,33815,
397,16.0,140.39,3.5053250417113304,0.13669828187021155,33831,
398,126.0,141.4,4.062224975890583,0.13601479046086049,33957,
399,247.0,143.75,7.583674894532694,0.1353347165085562,34204,
400,20.0,142.81,2.5584177017211913,0.1346580429260134,34224,163.1
401,29.0,142.56,4.908045051426723,0.13398475271138335,34253,
402,73.0,143.02,3.849233417478326,0.13331482894782642,34326,
403,13.0,142.86,1.811643313903075,0.13264825480308728,34339,
404,16.0,142.03,2.2661384157836437,0.13198501352907185,34355,
405,15.0,141.12,2.4741973280906677,0.1313250884614265,34370,
406,14.0,140.24,5.234281239765031,0.13066846301911936,34384,
407,139.0,141.53,3.544161601461095,0.13001512070402377,34523,
408,159.0,141.84,4.707994772578186,0.12936504510050365,34682,
409,132.0,143.01,3.777480162905924,0.12871821987500112,34814,
410,127.0,144.16,4.091483529862456,0.12807462877562611,34941,
411,119.0,144.2,4.774564372892139,0.12743425563174798,35060,
412,165.0,145.76,4.533076206481818,0.12679708435358925,35225,
413,146.0,147.04,5.432156732433463,0.1261630989318213,35371,
414,300.0,149.0,2.7674480283260348,0.1255322834371622,35671,
415,148.0,149.46,3.2121079952732936,0.12490462201997637,35819,
416,15.0,148.57,3.785281753540039,0.1242800989098765,35834,
417,178.0,150.19,4.600545986649696,0.12365869841532712,36012,
418,192.0,151.1,3.672748387015114,0.12304040492325048,36204,
419,194.0,152.9,4.9760084511692995,0.12242520289863423,36398,
420,234.0,154.24,4.4745101517337,0.12181307688414106,36632,
421,217.0,156.3,4.640237947488161,0.12120401149972035,36849,
422,272.0,158.85,2.864145367899362,0.12059799144222175,37121,
423,337.0,161.02,3.944348796981025,0.11999500148501063,37458,
424,234.0,162.98,3.7184942190209007,0.11939502647758558,37692,
425,134.0,163.3,4.083028814463473,0.11879805134519765,37826,500.0
426,143.0,164.59,4.664520461659332,0.11820406108847166,37969,
427,332.0,166.98,3.9693228700254335,0.1176130407830293,38301,
428,251.0,169.38,4.037766125335161,0.11702497557911415,38552,
429,222.0,170.52,3.1067201270981952,0.11643985070121858,38774,
430,90.0,170.37,4.818384695715374,0.11585765144771248,38864,
431,224.0,171.61,3.6523967310786247,0.11527836319047392,39088,
432,155.0,172.14,4.3762023081702575,0.11470197137452155,39243,
433,161.0,173.48,2.510115799326334,0.11412846151764894,39404,
434,187.0,174.36,4.086832624865088,0.1135578192100607,39591,
435,208.0,175.42,3.482278704499969,0.11299003011401039,39799,
436,218.0,177.34,2.1406676409714813,0.11242507996344034,40017,
437,222.0,178.55,3.576231867209211,0.11186295456362313,40239,
438,296.0,180.62,3.521055729606667,0.11130363979080501,40535,
439,183.0,181.55,4.096096575097308,0.11074712159185099,40718,
440,244.0,183.75,4.57089360852222,0.11019338598389174,40962,
441,328.0,185.98,3.220162344142431,0.10964241905397228,41290,
442,312.0,188.42,3.912972185187615,0.10909420695870241,41602,
443,500.0,192.26,4.76772209662199,0.1085487359239089,42102,
444,16.0,191.2,1.708087258040905,0.10800599224428936,42118,
445,243.0,192.46,3.0325507972956687,0.10746596228306791,42361,
446,333.0,195.38,3.7181732328804404,0.10692863247165257,42694,
447,330.0,197.57,2.8522358268950923,0.1063939893092943,43024,
448,234.0,199.75,3.9642403264585724,0.10586201936274783,43258,
449,20.0,197.84,3.3447645038366316,0.10533270926593409,43278,
450,500.0,202.69,4.007096539318561,0.10480604571960442,43778,333.2
451,500.0,205.35,3.5632522605657577,0.1042820154910064,44278,
452,500.0,205.35,3.3781294692754744,0.10376060541355137,44778,
453,500.0,206.91,3.3208484220802785,0.1032418023864836,45278,
454,62.0,202.53,3.772242900825316,0.10272559337455119,45340,
455,500.0,207.39,3.948691605061293,0.10221196540767843,45840,
456,500.0,210.43,4.486164598464966,0.10170090558064004,46340,
457,34.0,208.97,8.790562426342683,0.10119240105273684,46374,
458,140.0,207.31,5.24656630307436,0.10068643904747315,46514,
459,500.0,208.61,5.3483455578386785,0.10018300685223579,47014,
460,475.0,210.06,4.363703521019534,0.0996820918179746,47489,
461,500.0,210.06,4.232687601834535,0.09918368135888474,47989,
462,27.0,209.04,15.527872329508817,0.09868776295209031,48016,
463,247.0,208.74,3.676572551309821,0.09819432413732986,48263,
464,388.0,210.57,4.834901958934425,0.09770335251664321,48651,
465,15.0,210.48,1.7917757550875346,0.09721483575406,48666,
466,500.0,213.55,5.693944108694792,0.09672876157528969,49166,
467,41.0,212.31,5.973067492246628,0.09624511776741324,49207,
468,183.0,212.06,3.8408313888669667,0.09576389217857617,49390,
469,500.0,213.56,5.366627651154995,0.09528507271768329,49890,
470,500.0,218.41,4.846973754823208,0.09480864735409487,50390,
471,47.0,218.74,10.931010104874348,0.0943346041173244,50437,
472,152.0,218.0,5.997503339263954,0.09386293109673778,50589,
473,365.0,220.35,7.1394426859404945,0.09339361644125409,50954,
474,179.0,219.06,5.42628657351659,0.09292664835904782,51133,
475,346.0,221.0,5.076846790063932,0.09246201511725258,51479,132.5
476,352.0,222.43,6.565262534655631,0.09199970504166631,51831,
477,321.0,223.52,4.1077914172986585,0.09153970651645797,52152,
478,500.0,228.33,5.316136220157146,0.09108200798387568,52652,
479,500.0,230.85,6.5490048822760585,0.0906265979439563,53152,
480,500.0,235.73,6.53267209854722,0.09017346495423652,53652,
481,22.0,234.58,2.9100023074583574,0.08972259762946533,53674,
482,87.0,233.12,8.093349717814347,0.089273984641318,53761,
483,68.0,231.4,3.9631099643952705,0.0888276147181114,53829,
484,500.0,236.04,7.3888317599892614,0.08838347664452084,54329,
485,500.0,237.04,5.396076920419931,0.08794155926129824,54829,
486,500.0,238.88,7.482722921162844,0.08750185146499175,55329,
487,500.0,242.06,5.351736735373735,0.08706434220766679,55829,
488,500.0,246.88,7.343224101960659,0.08662902049662846,56329,
489,46.0,244.83,2.7143993636836177,0.08619587539414532,56375,
490,500.0,246.23,7.53034550127387,0.08576489601717459,56875,
491,500.0,248.44,6.369552692472935,0.08533607153708872,57375,
492,106.0,246.35,6.767826693659684,0.08490939117940327,57481,
493,500.0,251.19,6.192563934057951,0.08448484422350626,57981,
494,500.0,253.25,10.787702120244504,0.08406242000238873,58481,
495,500.0,255.71,5.131534758120775,0.08364210790237678,58981,
496,500.0,256.66,6.352670775651932,0.0832238973628649,59481,
497,500.0,261.5,7.373272197306156,0.08280777787605056,59981,
498,15.0,260.39,13.358841673533123,0.08239373898667031,59996,
499,228.0,260.2,9.533365739280718,0.08198177029173696,60224,
500,37.0,260.37,7.7664537639231295,0.08157186144027828,60261,420.7
